n,gamma_n,delta_gamma_n,published_gamma_n,difference
1,14.134725141734695,,14.134725141734693,1.7763568394002505E-15
2,21.022039638771556,6.887314497036861,21.022039638771556,0.0
3,25.01085758014569,3.9888179413741334,25.01085758014569,0.0
4,30.424876125859512,5.414018545713823,30.424876125859512,0.0
5,32.935061587739185,2.510185461879672,32.93506158773919,7.105427357601002E-15
6,37.58617815882567,4.651116571086483,37.58617815882567,0.0
7,40.9187190121475,3.332540853321831,40.9187190121475,0.0
8,43.327073280915,2.4083542687675035,43.327073280915,0.0
9,48.00515088116716,4.678077600252159,48.00515088116716,0.0
10,49.77383247767231,1.7686815965051466,49.7738324776723,7.105427357601002E-15
11,52.970321477714464,3.196489000042156,52.97032147771446,7.105427357601002E-15
